District,Disaggregation Category,Category,# Total Enrollment,# Blended,% Blended,# Remote,% Remote
1,All District,All District,10549,"3,035",28.8%,7514,71.2%
1,English Language Learner Status,ELL,908,235,25.9%,673,74.1%
1,English Language Learner Status,Not ELL,9641,"2,800",29.0%,6841,71.0%
1,Gender,Female,5042,"1,455",28.9%,3587,71.1%
1,Gender,Male,5507,"1,580",28.7%,3927,71.3%
1,Grade Level,PK,366,173,47.3%,193,52.7%
1,Grade Level,0K,727,337,46.4%,390,53.6%
1,Grade Level,01,762,301,39.5%,461,60.5%
1,Grade Level,02,742,251,33.8%,491,66.2%
1,Grade Level,03,784,281,35.8%,503,64.2%
1,Grade Level,04,772,283,36.7%,489,63.3%
1,Grade Level,05,787,228,29.0%,559,71.0%
1,Grade Level,06,753,166,22.0%,587,78.0%
1,Grade Level,07,752,148,19.7%,604,80.3%
1,Grade Level,08,753,145,19.3%,608,80.7%
1,Grade Level,09,837,209,25.0%,628,75.0%
1,Grade Level,10,890,134,15.1%,756,84.9%
1,Grade Level,11,828,178,21.5%,650,78.5%
1,Grade Level,12,796,201,25.3%,595,74.7%
1,Race or Ethnicity,Asian,2198,447,20.3%,1751,79.7%
1,Race or Ethnicity,Black,1580,454,28.7%,1126,71.3%
1,Race or Ethnicity,Hispanic,4349,"1,241",28.5%,3108,71.5%
1,Race or Ethnicity,Multi-Racial,388,144,37.1%,244,62.9%
1,Race or Ethnicity,Native American,57,15,26.3%,42,73.7%
1,Race or Ethnicity,Unknown,28,9,32.1%,19,67.9%
1,Race or Ethnicity,White,1949,725,37.2%,1224,62.8%
2,All District,All District,59294,"19,285",32.5%,40009,67.5%
2,English Language Learner Status,ELL,4805,"1,575",32.8%,3230,67.2%
2,English Language Learner Status,Not ELL,54489,"17,710",32.5%,36779,67.5%
2,Gender,Female,30930,"9,741",31.5%,21189,68.5%
2,Gender,Male,28364,"9,544",33.6%,18820,66.4%
2,Grade Level,PK,1730,"1,071",61.9%,659,38.1%
2,Grade Level,0K,2676,"1,687",63.0%,989,37.0%
2,Grade Level,01,2614,"1,511",57.8%,1103,42.2%
2,Grade Level,02,2491,"1,443",57.9%,1048,42.1%
2,Grade Level,03,2583,"1,451",56.2%,1132,43.8%
2,Grade Level,04,2523,"1,413",56.0%,1110,44.0%
2,Grade Level,05,2474,"1,406",56.8%,1068,43.2%
2,Grade Level,06,2626,"1,293",49.2%,1333,50.8%
2,Grade Level,07,2633,"1,069",40.6%,1564,59.4%
2,Grade Level,08,2676,"1,078",40.3%,1598,59.7%
2,Grade Level,09,9110,"1,845",20.3%,7265,79.7%
2,Grade Level,10,8975,"1,435",16.0%,7540,84.0%
2,Grade Level,11,8506,"1,324",15.6%,7182,84.4%
2,Grade Level,12,7677,"1,259",16.4%,6418,83.6%
2,Race or Ethnicity,Asian,13105,"2,865",21.9%,10240,78.1%
2,Race or Ethnicity,Black,8256,"2,030",24.6%,6226,75.4%
2,Race or Ethnicity,Hispanic,19530,"4,700",24.1%,14830,75.9%
2,Race or Ethnicity,Multi-Racial,2101,"1,071",51.0%,1030,49.0%
2,Race or Ethnicity,Native American,350,85,24.3%,265,75.7%
2,Race or Ethnicity,Unknown,687,190,27.7%,497,72.3%
2,Race or Ethnicity,White,15265,"8,344",54.7%,6921,45.3%
3,All District,All District,20365,"8,525",41.9%,11840,58.1%
3,English Language Learner Status,ELL,941,388,41.2%,553,58.8%
3,English Language Learner Status,Not ELL,19424,"8,137",41.9%,11287,58.1%
3,Gender,Female,11026,"4,496",40.8%,6530,59.2%
3,Gender,Male,9339,"4,029",43.1%,5310,56.9%
3,Grade Level,PK,487,290,59.5%,197,40.5%
3,Grade Level,0K,1165,747,64.1%,418,35.9%
3,Grade Level,01,1190,678,57.0%,512,43.0%
3,Grade Level,02,1147,693,60.4%,454,39.6%
3,Grade Level,03,1123,682,60.7%,441,39.3%
3,Grade Level,04,1182,634,53.6%,548,46.4%
3,Grade Level,05,1252,682,54.5%,570,45.5%
3,Grade Level,06,1322,613,46.4%,709,53.6%
3,Grade Level,07,1342,514,38.3%,828,61.7%
3,Grade Level,08,1424,605,42.5%,819,57.5%
3,Grade Level,09,2021,699,34.6%,1322,65.4%
3,Grade Level,10,2465,585,23.7%,1880,76.3%
3,Grade Level,11,2078,496,23.9%,1582,76.1%
3,Grade Level,12,2167,607,28.0%,1560,72.0%
3,Race or Ethnicity,Asian,1972,769,39.0%,1203,61.0%
3,Race or Ethnicity,Black,3881,"1,228",31.6%,2653,68.4%
3,Race or Ethnicity,Hispanic,6593,"1,986",30.1%,4607,69.9%
3,Race or Ethnicity,Multi-Racial,841,475,56.5%,366,43.5%
3,Race or Ethnicity,Native American,122,35,28.7%,87,71.3%
3,Race or Ethnicity,Unknown,433,188,43.4%,245,56.6%
3,Race or Ethnicity,White,6523,"3,844",58.9%,2679,41.1%
4,All District,All District,11734,"3,729",31.8%,8005,68.2%
4,English Language Learner Status,ELL,1187,492,41.4%,695,58.6%
4,English Language Learner Status,Not ELL,10547,"3,237",30.7%,7310,69.3%
4,Gender,Female,6125,"1,828",29.8%,4297,70.2%
4,Gender,Male,5609,"1,901",33.9%,3708,66.1%
4,Grade Level,PK,649,261,40.2%,388,59.8%
4,Grade Level,0K,712,318,44.7%,394,55.3%
4,Grade Level,01,707,291,41.2%,416,58.8%
4,Grade Level,02,771,298,38.7%,473,61.3%
4,Grade Level,03,729,264,36.2%,465,63.8%
4,Grade Level,04,775,265,34.2%,510,65.8%
4,Grade Level,05,871,286,32.8%,585,67.2%
4,Grade Level,06,976,313,32.1%,663,67.9%
4,Grade Level,07,944,298,31.6%,646,68.4%
4,Grade Level,08,954,312,32.7%,642,67.3%
4,Grade Level,09,916,251,27.4%,665,72.6%
4,Grade Level,10,932,190,20.4%,742,79.6%
4,Grade Level,11,899,189,21.0%,710,79.0%
4,Grade Level,12,899,193,21.5%,706,78.5%
4,Race or Ethnicity,Asian,1153,191,16.6%,962,83.4%
4,Race or Ethnicity,Black,2751,871,31.7%,1880,68.3%
4,Race or Ethnicity,Hispanic,6872,"2,278",33.1%,4594,66.9%
4,Race or Ethnicity,Multi-Racial,162,70,43.2%,92,56.8%
4,Race or Ethnicity,Native American,124,39,31.5%,85,68.5%
4,Race or Ethnicity,Unknown,60,16,26.7%,44,73.3%
4,Race or Ethnicity,White,612,264,43.1%,348,56.9%
5,All District,All District,9248,"2,514",27.2%,6734,72.8%
5,English Language Learner Status,ELL,786,290,36.9%,496,63.1%
5,English Language Learner Status,Not ELL,8462,"2,224",26.3%,6238,73.7%
5,Gender,Female,4278,"1,218",28.5%,3060,71.5%
5,Gender,Male,4970,"1,296",26.1%,3674,73.9%
5,Grade Level,PK,492,239,48.6%,253,51.4%
5,Grade Level,0K,494,221,44.7%,273,55.3%
5,Grade Level,01,563,246,43.7%,317,56.3%
5,Grade Level,02,573,219,38.2%,354,61.8%
5,Grade Level,03,578,201,34.8%,377,65.2%
5,Grade Level,04,637,243,38.1%,394,61.9%
5,Grade Level,05,689,237,34.4%,452,65.6%
5,Grade Level,06,665,198,29.8%,467,70.2%
5,Grade Level,07,642,174,27.1%,468,72.9%
5,Grade Level,08,701,152,21.7%,549,78.3%
5,Grade Level,09,896,156,17.4%,740,82.6%
5,Grade Level,10,851,96,11.3%,755,88.7%
5,Grade Level,11,729,68,9.3%,661,90.7%
5,Grade Level,12,738,64,8.7%,674,91.3%
5,Race or Ethnicity,Asian,363,65,17.9%,298,82.1%
5,Race or Ethnicity,Black,4229,"1,159",27.4%,3070,72.6%
5,Race or Ethnicity,Hispanic,3756,998,26.6%,2758,73.4%
5,Race or Ethnicity,Multi-Racial,100,35,35.0%,65,65.0%
5,Race or Ethnicity,Native American,85,22,25.9%,63,74.1%
5,Race or Ethnicity,Unknown,92,8,8.7%,84,91.3%
5,Race or Ethnicity,White,623,227,36.4%,396,63.6%
6,All District,All District,19141,"5,762",30.1%,13379,69.9%
6,English Language Learner Status,ELL,4957,"1,737",35.0%,3220,65.0%
6,English Language Learner Status,Not ELL,14184,"4,025",28.4%,10159,71.6%
6,Gender,Female,9374,"2,731",29.1%,6643,70.9%
6,Gender,Male,9767,"3,031",31.0%,6736,69.0%
6,Grade Level,PK,942,421,44.7%,521,55.3%
6,Grade Level,0K,1303,616,47.3%,687,52.7%
6,Grade Level,01,1339,589,44.0%,750,56.0%
6,Grade Level,02,1395,667,47.8%,728,52.2%
6,Grade Level,03,1429,592,41.4%,837,58.6%
6,Grade Level,04,1521,582,38.3%,939,61.7%
6,Grade Level,05,1519,572,37.7%,947,62.3%
6,Grade Level,06,1391,366,26.3%,1025,73.7%
6,Grade Level,07,1424,357,25.1%,1067,74.9%
6,Grade Level,08,1534,397,25.9%,1137,74.1%
6,Grade Level,09,1606,166,10.3%,1440,89.7%
6,Grade Level,10,1315,156,11.9%,1159,88.1%
6,Grade Level,11,1141,119,10.4%,1022,89.6%
6,Grade Level,12,1282,162,12.6%,1120,87.4%
6,Race or Ethnicity,Asian,298,91,30.5%,207,69.5%
6,Race or Ethnicity,Black,1375,293,21.3%,1082,78.7%
6,Race or Ethnicity,Hispanic,16061,"4,646",28.9%,11415,71.1%
6,Race or Ethnicity,Multi-Racial,188,98,52.1%,90,47.9%
6,Race or Ethnicity,Native American,57,17,29.8%,40,70.2%
6,Race or Ethnicity,Unknown,58,16,27.6%,42,72.4%
6,Race or Ethnicity,White,1104,601,54.4%,503,45.6%
7,All District,All District,16671,"5,605",33.6%,11066,66.4%
7,English Language Learner Status,ELL,2671,"1,214",45.5%,1457,54.5%
7,English Language Learner Status,Not ELL,14000,"4,391",31.4%,9609,68.6%
7,Gender,Female,7791,"2,543",32.6%,5248,67.4%
7,Gender,Male,8880,"3,062",34.5%,5818,65.5%
7,Grade Level,PK,1003,536,53.4%,467,46.6%
7,Grade Level,0K,857,414,48.3%,443,51.7%
7,Grade Level,01,966,425,44.0%,541,56.0%
7,Grade Level,02,996,416,41.8%,580,58.2%
7,Grade Level,03,1058,424,40.1%,634,59.9%
7,Grade Level,04,1048,433,41.3%,615,58.7%
7,Grade Level,05,1156,432,37.4%,724,62.6%
7,Grade Level,06,1063,324,30.5%,739,69.5%
7,Grade Level,07,1034,284,27.5%,750,72.5%
7,Grade Level,08,1078,322,29.9%,756,70.1%
7,Grade Level,09,1740,467,26.8%,1273,73.2%
7,Grade Level,10,1816,461,25.4%,1355,74.6%
7,Grade Level,11,1518,350,23.1%,1168,76.9%
7,Grade Level,12,1338,317,23.7%,1021,76.3%
7,Race or Ethnicity,Asian,197,46,23.4%,151,76.6%
7,Race or Ethnicity,Black,4329,"1,471",34.0%,2858,66.0%
7,Race or Ethnicity,Hispanic,11621,"3,921",33.7%,7700,66.3%
7,Race or Ethnicity,Multi-Racial,64,18,28.1%,46,71.9%
7,Race or Ethnicity,Native American,162,54,33.3%,108,66.7%
7,Race or Ethnicity,Unknown,32,4,12.5%,28,87.5%
7,Race or Ethnicity,White,266,91,34.2%,175,65.8%
8,All District,All District,24448,"6,951",28.4%,17497,71.6%
8,English Language Learner Status,ELL,3492,"1,359",38.9%,2133,61.1%
8,English Language Learner Status,Not ELL,20956,"5,592",26.7%,15364,73.3%
8,Gender,Female,11960,"3,353",28.0%,8607,72.0%
8,Gender,Male,12488,"3,598",28.8%,8890,71.2%
8,Grade Level,PK,1080,413,38.2%,667,61.8%
8,Grade Level,0K,1611,576,35.8%,1035,64.2%
8,Grade Level,01,1761,625,35.5%,1136,64.5%
8,Grade Level,02,1774,612,34.5%,1162,65.5%
8,Grade Level,03,1812,598,33.0%,1214,67.0%
8,Grade Level,04,1911,566,29.6%,1345,70.4%
8,Grade Level,05,2040,607,29.8%,1433,70.2%
8,Grade Level,06,1979,617,31.2%,1362,68.8%
8,Grade Level,07,1913,439,22.9%,1474,77.1%
8,Grade Level,08,2045,514,25.1%,1531,74.9%
8,Grade Level,09,1733,437,25.2%,1296,74.8%
8,Grade Level,10,1853,370,20.0%,1483,80.0%
8,Grade Level,11,1530,296,19.3%,1234,80.7%
8,Grade Level,12,1406,281,20.0%,1125,80.0%
8,Race or Ethnicity,Asian,1687,278,16.5%,1409,83.5%
8,Race or Ethnicity,Black,5013,"1,523",30.4%,3490,69.6%
8,Race or Ethnicity,Hispanic,15939,"4,589",28.8%,11350,71.2%
8,Race or Ethnicity,Multi-Racial,100,23,23.0%,77,77.0%
8,Race or Ethnicity,Native American,299,62,20.7%,237,79.3%
8,Race or Ethnicity,Unknown,27,13,48.1%,14,51.9%
8,Race or Ethnicity,White,1383,463,33.5%,920,66.5%
9,All District,All District,29117,"8,910",30.6%,20207,69.4%
9,English Language Learner Status,ELL,6532,"2,464",37.7%,4068,62.3%
9,English Language Learner Status,Not ELL,22585,"6,446",28.5%,16139,71.5%
9,Gender,Female,14442,"4,345",30.1%,10097,69.9%
9,Gender,Male,14675,"4,565",31.1%,10110,68.9%
9,Grade Level,PK,1195,507,42.4%,688,57.6%
9,Grade Level,0K,1787,726,40.6%,1061,59.4%
9,Grade Level,01,2075,804,38.7%,1271,61.3%
9,Grade Level,02,2152,795,36.9%,1357,63.1%
9,Grade Level,03,2279,773,33.9%,1506,66.1%
9,Grade Level,04,2325,787,33.8%,1538,66.2%
9,Grade Level,05,2409,796,33.0%,1613,67.0%
9,Grade Level,06,2216,620,28.0%,1596,72.0%
9,Grade Level,07,2399,627,26.1%,1772,73.9%
9,Grade Level,08,2445,635,26.0%,1810,74.0%
9,Grade Level,09,2125,584,27.5%,1541,72.5%
9,Grade Level,10,2154,477,22.1%,1677,77.9%
9,Grade Level,11,1816,372,20.5%,1444,79.5%
9,Grade Level,12,1740,407,23.4%,1333,76.6%
9,Race or Ethnicity,Asian,404,118,29.2%,286,70.8%
9,Race or Ethnicity,Black,7633,"2,593",34.0%,5040,66.0%
9,Race or Ethnicity,Hispanic,20379,"5,971",29.3%,14408,70.7%
9,Race or Ethnicity,Multi-Racial,56,16,28.6%,40,71.4%
9,Race or Ethnicity,Native American,193,54,28.0%,139,72.0%
9,Race or Ethnicity,Unknown,42,19,45.2%,23,54.8%
9,Race or Ethnicity,White,410,139,33.9%,271,66.1%
10,All District,All District,48210,"14,272",29.6%,33938,70.4%
10,English Language Learner Status,ELL,10145,"3,573",35.2%,6572,64.8%
10,English Language Learner Status,Not ELL,38065,"10,699",28.1%,27366,71.9%
10,Gender,Female,23592,"6,992",29.6%,16600,70.4%
10,Gender,Male,24618,"7,280",29.6%,17338,70.4%
10,Grade Level,PK,1021,447,43.8%,574,56.2%
10,Grade Level,0K,3153,"1,377",43.7%,1776,56.3%
10,Grade Level,01,3396,"1,367",40.3%,2029,59.7%
10,Grade Level,02,3465,"1,286",37.1%,2179,62.9%
10,Grade Level,03,3707,"1,384",37.3%,2323,62.7%
10,Grade Level,04,3734,"1,268",34.0%,2466,66.0%
10,Grade Level,05,3761,"1,293",34.4%,2468,65.6%
10,Grade Level,06,3663,"1,121",30.6%,2542,69.4%
10,Grade Level,07,3538,"1,000",28.3%,2538,71.7%
10,Grade Level,08,3734,"1,088",29.1%,2646,70.9%
10,Grade Level,09,4106,885,21.6%,3221,78.4%
10,Grade Level,10,3897,639,16.4%,3258,83.6%
10,Grade Level,11,3611,586,16.2%,3025,83.8%
10,Grade Level,12,3424,531,15.5%,2893,84.5%
10,Race or Ethnicity,Asian,3833,536,14.0%,3297,86.0%
10,Race or Ethnicity,Black,7087,"2,183",30.8%,4904,69.2%
10,Race or Ethnicity,Hispanic,33706,"10,104",30.0%,23602,70.0%
10,Race or Ethnicity,Multi-Racial,302,95,31.5%,207,68.5%
10,Race or Ethnicity,Native American,412,111,26.9%,301,73.1%
10,Race or Ethnicity,Unknown,103,35,34.0%,68,66.0%
10,Race or Ethnicity,White,2767,"1,208",43.7%,1559,56.3%
11,All District,All District,34236,"11,037",32.2%,23199,67.8%
11,English Language Learner Status,ELL,4293,"1,684",39.2%,2609,60.8%
11,English Language Learner Status,Not ELL,29943,"9,353",31.2%,20590,68.8%
11,Gender,Female,16362,"5,195",31.8%,11167,68.2%
11,Gender,Male,17874,"5,842",32.7%,12032,67.3%
11,Grade Level,PK,574,265,46.2%,309,53.8%
11,Grade Level,0K,2369,"1,038",43.8%,1331,56.2%
11,Grade Level,01,2524,999,39.6%,1525,60.4%
11,Grade Level,02,2776,"1,062",38.3%,1714,61.7%
11,Grade Level,03,2737,972,35.5%,1765,64.5%
11,Grade Level,04,2770,945,34.1%,1825,65.9%
11,Grade Level,05,3000,"1,052",35.1%,1948,64.9%
11,Grade Level,06,2890,961,33.3%,1929,66.7%
11,Grade Level,07,2928,941,32.1%,1987,67.9%
11,Grade Level,08,3171,"1,087",34.3%,2084,65.7%
11,Grade Level,09,2433,511,21.0%,1922,79.0%
11,Grade Level,10,2292,469,20.5%,1823,79.5%
11,Grade Level,11,1949,394,20.2%,1555,79.8%
11,Grade Level,12,1823,341,18.7%,1482,81.3%
11,Race or Ethnicity,Asian,3102,799,25.8%,2303,74.2%
11,Race or Ethnicity,Black,12247,"4,063",33.2%,8184,66.8%
11,Race or Ethnicity,Hispanic,15033,"4,521",30.1%,10512,69.9%
11,Race or Ethnicity,Multi-Racial,258,84,32.6%,174,67.4%
11,Race or Ethnicity,Native American,446,119,26.7%,327,73.3%
11,Race or Ethnicity,Unknown,64,19,29.7%,45,70.3%
11,Race or Ethnicity,White,3086,"1,432",46.4%,1654,53.6%
12,All District,All District,18725,"6,409",34.2%,12316,65.8%
12,English Language Learner Status,ELL,3932,"1,686",42.9%,2246,57.1%
12,English Language Learner Status,Not ELL,14793,"4,723",31.9%,10070,68.1%
12,Gender,Female,9172,"3,016",32.9%,6156,67.1%
12,Gender,Male,9553,"3,393",35.5%,6160,64.5%
12,Grade Level,PK,535,270,50.5%,265,49.5%
12,Grade Level,0K,1246,568,45.6%,678,54.4%
12,Grade Level,01,1472,610,41.4%,862,58.6%
12,Grade Level,02,1435,616,42.9%,819,57.1%
12,Grade Level,03,1520,602,39.6%,918,60.4%
12,Grade Level,04,1568,585,37.3%,983,62.7%
12,Grade Level,05,1692,612,36.2%,1080,63.8%
12,Grade Level,06,1419,407,28.7%,1012,71.3%
12,Grade Level,07,1458,386,26.5%,1072,73.5%
12,Grade Level,08,1502,420,28.0%,1082,72.0%
12,Grade Level,09,1168,345,29.5%,823,70.5%
12,Grade Level,10,1360,401,29.5%,959,70.5%
12,Grade Level,11,1218,269,22.1%,949,77.9%
12,Grade Level,12,1132,318,28.1%,814,71.9%
12,Race or Ethnicity,Asian,594,172,29.0%,422,71.0%
12,Race or Ethnicity,Black,4387,"1,538",35.1%,2849,64.9%
12,Race or Ethnicity,Hispanic,13140,"4,518",34.4%,8622,65.6%
12,Race or Ethnicity,Multi-Racial,62,19,30.6%,43,69.4%
12,Race or Ethnicity,Native American,230,64,27.8%,166,72.2%
12,Race or Ethnicity,Unknown,31,11,35.5%,20,64.5%
12,Race or Ethnicity,White,281,87,31.0%,194,69.0%
13,All District,All District,20098,"5,530",27.5%,14568,72.5%
13,English Language Learner Status,ELL,870,415,47.7%,455,52.3%
13,English Language Learner Status,Not ELL,19228,"5,115",26.6%,14113,73.4%
13,Gender,Female,9527,"2,723",28.6%,6804,71.4%
13,Gender,Male,10571,"2,807",26.6%,7764,73.4%
13,Grade Level,PK,652,400,61.3%,252,38.7%
13,Grade Level,0K,1046,582,55.6%,464,44.4%
13,Grade Level,01,950,506,53.3%,444,46.7%
13,Grade Level,02,1034,556,53.8%,478,46.2%
13,Grade Level,03,1013,478,47.2%,535,52.8%
13,Grade Level,04,970,468,48.2%,502,51.8%
13,Grade Level,05,960,429,44.7%,531,55.3%
13,Grade Level,06,679,191,28.1%,488,71.9%
13,Grade Level,07,662,158,23.9%,504,76.1%
13,Grade Level,08,673,169,25.1%,504,74.9%
13,Grade Level,09,2861,499,17.4%,2362,82.6%
13,Grade Level,10,3049,370,12.1%,2679,87.9%
13,Grade Level,11,2813,354,12.6%,2459,87.4%
13,Grade Level,12,2736,370,13.5%,2366,86.5%
13,Race or Ethnicity,Asian,4318,402,9.3%,3916,90.7%
13,Race or Ethnicity,Black,7917,"2,201",27.8%,5716,72.2%
13,Race or Ethnicity,Hispanic,3509,"1,171",33.4%,2338,66.6%
13,Race or Ethnicity,Multi-Racial,517,235,45.5%,282,54.5%
13,Race or Ethnicity,Native American,166,37,22.3%,129,77.7%
13,Race or Ethnicity,Unknown,202,19,9.4%,183,90.6%
13,Race or Ethnicity,White,3469,"1,465",42.2%,2004,57.8%
14,All District,All District,16695,"5,895",35.3%,10800,64.7%
14,English Language Learner Status,ELL,1708,738,43.2%,970,56.8%
14,English Language Learner Status,Not ELL,14987,"5,157",34.4%,9830,65.6%
14,Gender,Female,7910,"2,702",34.2%,5208,65.8%
14,Gender,Male,8785,"3,193",36.3%,5592,63.7%
14,Grade Level,PK,666,334,50.2%,332,49.8%
14,Grade Level,0K,1083,530,48.9%,553,51.1%
14,Grade Level,01,1043,485,46.5%,558,53.5%
14,Grade Level,02,1065,475,44.6%,590,55.4%
14,Grade Level,03,1092,486,44.5%,606,55.5%
14,Grade Level,04,1107,477,43.1%,630,56.9%
14,Grade Level,05,1104,431,39.0%,673,61.0%
14,Grade Level,06,1138,424,37.3%,714,62.7%
14,Grade Level,07,1181,375,31.8%,806,68.2%
14,Grade Level,08,1206,435,36.1%,771,63.9%
14,Grade Level,09,1643,455,27.7%,1188,72.3%
14,Grade Level,10,1569,342,21.8%,1227,78.2%
14,Grade Level,11,1457,343,23.5%,1114,76.5%
14,Grade Level,12,1341,303,22.6%,1038,77.4%
14,Race or Ethnicity,Asian,1026,199,19.4%,827,80.6%
14,Race or Ethnicity,Black,3364,992,29.5%,2372,70.5%
14,Race or Ethnicity,Hispanic,9257,"3,078",33.3%,6179,66.7%
14,Race or Ethnicity,Multi-Racial,277,116,41.9%,161,58.1%
14,Race or Ethnicity,Native American,95,18,18.9%,77,81.1%
14,Race or Ethnicity,Unknown,110,23,20.9%,87,79.1%
14,Race or Ethnicity,White,2566,"1,469",57.2%,1097,42.8%
15,All District,All District,29998,"13,635",45.5%,16363,54.5%
15,English Language Learner Status,ELL,4357,"1,879",43.1%,2478,56.9%
15,English Language Learner Status,Not ELL,25641,"11,756",45.8%,13885,54.2%
15,Gender,Female,15038,"6,776",45.1%,8262,54.9%
15,Gender,Male,14960,"6,859",45.8%,8101,54.2%
15,Grade Level,PK,1314,788,60.0%,526,40.0%
15,Grade Level,0K,2587,"1,374",53.1%,1213,46.9%
15,Grade Level,01,2672,"1,367",51.2%,1305,48.8%
15,Grade Level,02,2666,"1,349",50.6%,1317,49.4%
15,Grade Level,03,2694,"1,331",49.4%,1363,50.6%
15,Grade Level,04,2703,"1,302",48.2%,1401,51.8%
15,Grade Level,05,2622,"1,340",51.1%,1282,48.9%
15,Grade Level,06,2090,865,41.4%,1225,58.6%
15,Grade Level,07,2083,766,36.8%,1317,63.2%
15,Grade Level,08,2212,909,41.1%,1303,58.9%
15,Grade Level,09,1520,585,38.5%,935,61.5%
15,Grade Level,10,1813,579,31.9%,1234,68.1%
15,Grade Level,11,1565,504,32.2%,1061,67.8%
15,Grade Level,12,1457,576,39.5%,881,60.5%
15,Race or Ethnicity,Asian,4922,"1,102",22.4%,3820,77.6%
15,Race or Ethnicity,Black,3953,"1,196",30.3%,2757,69.7%
15,Race or Ethnicity,Hispanic,10833,"5,084",46.9%,5749,53.1%
15,Race or Ethnicity,Multi-Racial,1105,645,58.4%,460,41.6%
15,Race or Ethnicity,Native American,142,75,52.8%,67,47.2%
15,Race or Ethnicity,Unknown,187,83,44.4%,104,55.6%
15,Race or Ethnicity,White,8856,"5,450",61.5%,3406,38.5%
16,All District,All District,5829,"1,990",34.1%,3839,65.9%
16,English Language Learner Status,ELL,327,162,49.5%,165,50.5%
16,English Language Learner Status,Not ELL,5502,"1,828",33.2%,3674,66.8%
16,Gender,Female,2781,957,34.4%,1824,65.6%
16,Gender,Male,3048,"1,033",33.9%,2015,66.1%
16,Grade Level,PK,552,281,50.9%,271,49.1%
16,Grade Level,0K,450,199,44.2%,251,55.8%
16,Grade Level,01,435,187,43.0%,248,57.0%
16,Grade Level,02,431,165,38.3%,266,61.7%
16,Grade Level,03,457,191,41.8%,266,58.2%
16,Grade Level,04,430,172,40.0%,258,60.0%
16,Grade Level,05,472,156,33.1%,316,66.9%
16,Grade Level,06,350,96,27.4%,254,72.6%
16,Grade Level,07,288,72,25.0%,216,75.0%
16,Grade Level,08,307,82,26.7%,225,73.3%
16,Grade Level,09,391,123,31.5%,268,68.5%
16,Grade Level,10,413,93,22.5%,320,77.5%
16,Grade Level,11,441,98,22.2%,343,77.8%
16,Grade Level,12,412,75,18.2%,337,81.8%
16,Race or Ethnicity,Asian,134,53,39.6%,81,60.4%
16,Race or Ethnicity,Black,4102,"1,323",32.3%,2779,67.7%
16,Race or Ethnicity,Hispanic,1234,435,35.3%,799,64.7%
16,Race or Ethnicity,Multi-Racial,51,27,52.9%,24,47.1%
16,Race or Ethnicity,Native American,61,21,34.4%,40,65.6%
16,Race or Ethnicity,Unknown,18,3,16.7%,15,83.3%
16,Race or Ethnicity,White,229,128,55.9%,101,44.1%
17,All District,All District,19152,"6,248",32.6%,12904,67.4%
17,English Language Learner Status,ELL,1953,885,45.3%,1068,54.7%
17,English Language Learner Status,Not ELL,17199,"5,363",31.2%,11836,68.8%
17,Gender,Female,9723,"3,109",32.0%,6614,68.0%
17,Gender,Male,9429,"3,139",33.3%,6290,66.7%
17,Grade Level,PK,506,256,50.6%,250,49.4%
17,Grade Level,0K,1026,527,51.4%,499,48.6%
17,Grade Level,01,1120,498,44.5%,622,55.5%
17,Grade Level,02,1032,470,45.5%,562,54.5%
17,Grade Level,03,1198,505,42.2%,693,57.8%
17,Grade Level,04,1173,441,37.6%,732,62.4%
17,Grade Level,05,1220,473,38.8%,747,61.2%
17,Grade Level,06,1389,430,31.0%,959,69.0%
17,Grade Level,07,1475,362,24.5%,1113,75.5%
17,Grade Level,08,1533,410,26.7%,1123,73.3%
17,Grade Level,09,2043,576,28.2%,1467,71.8%
17,Grade Level,10,1854,410,22.1%,1444,77.9%
17,Grade Level,11,1771,445,25.1%,1326,74.9%
17,Grade Level,12,1812,445,24.6%,1367,75.4%
17,Race or Ethnicity,Asian,613,196,32.0%,417,68.0%
17,Race or Ethnicity,Black,13994,"4,376",31.3%,9618,68.7%
17,Race or Ethnicity,Hispanic,3357,"1,171",34.9%,2186,65.1%
17,Race or Ethnicity,Multi-Racial,144,58,40.3%,86,59.7%
17,Race or Ethnicity,Native American,271,97,35.8%,174,64.2%
17,Race or Ethnicity,Unknown,105,40,38.1%,65,61.9%
17,Race or Ethnicity,White,668,310,46.4%,358,53.6%
18,All District,All District,11925,"3,664",30.7%,8261,69.3%
18,English Language Learner Status,ELL,899,448,49.8%,451,50.2%
18,English Language Learner Status,Not ELL,11026,"3,216",29.2%,7810,70.8%
18,Gender,Female,5689,"1,698",29.8%,3991,70.2%
18,Gender,Male,6236,"1,966",31.5%,4270,68.5%
18,Grade Level,PK,421,192,45.6%,229,54.4%
18,Grade Level,0K,780,314,40.3%,466,59.7%
18,Grade Level,01,758,321,42.3%,437,57.7%
18,Grade Level,02,785,316,40.3%,469,59.7%
18,Grade Level,03,878,282,32.1%,596,67.9%
18,Grade Level,04,931,330,35.4%,601,64.6%
18,Grade Level,05,1017,358,35.2%,659,64.8%
18,Grade Level,06,943,323,34.3%,620,65.7%
18,Grade Level,07,946,278,29.4%,668,70.6%
18,Grade Level,08,1059,309,29.2%,750,70.8%
18,Grade Level,09,866,181,20.9%,685,79.1%
18,Grade Level,10,898,184,20.5%,714,79.5%
18,Grade Level,11,770,126,16.4%,644,83.6%
18,Grade Level,12,873,150,17.2%,723,82.8%
18,Race or Ethnicity,Asian,276,92,33.3%,184,66.7%
18,Race or Ethnicity,Black,9843,"2,976",30.2%,6867,69.8%
18,Race or Ethnicity,Hispanic,1122,314,28.0%,808,72.0%
18,Race or Ethnicity,Multi-Racial,76,19,25.0%,57,75.0%
18,Race or Ethnicity,Native American,112,36,32.1%,76,67.9%
18,Race or Ethnicity,Unknown,35,10,28.6%,25,71.4%
18,Race or Ethnicity,White,461,217,47.1%,244,52.9%
19,All District,All District,19485,"5,527",28.4%,13958,71.6%
19,English Language Learner Status,ELL,2674,985,36.8%,1689,63.2%
19,English Language Learner Status,Not ELL,16811,"4,542",27.0%,12269,73.0%
19,Gender,Female,9190,"2,490",27.1%,6700,72.9%
19,Gender,Male,10295,"3,037",29.5%,7258,70.5%
19,Grade Level,PK,959,348,36.3%,611,63.7%
19,Grade Level,0K,1231,482,39.2%,749,60.8%
19,Grade Level,01,1353,495,36.6%,858,63.4%
19,Grade Level,02,1374,440,32.0%,934,68.0%
19,Grade Level,03,1431,460,32.1%,971,67.9%
19,Grade Level,04,1480,446,30.1%,1034,69.9%
19,Grade Level,05,1540,438,28.4%,1102,71.6%
19,Grade Level,06,1423,395,27.8%,1028,72.2%
19,Grade Level,07,1564,421,26.9%,1143,73.1%
19,Grade Level,08,1586,376,23.7%,1210,76.3%
19,Grade Level,09,1587,439,27.7%,1148,72.3%
19,Grade Level,10,1502,284,18.9%,1218,81.1%
19,Grade Level,11,1257,251,20.0%,1006,80.0%
19,Grade Level,12,1198,252,21.0%,946,79.0%
19,Race or Ethnicity,Asian,1738,404,23.2%,1334,76.8%
19,Race or Ethnicity,Black,7909,"2,204",27.9%,5705,72.1%
19,Race or Ethnicity,Hispanic,9016,"2,662",29.5%,6354,70.5%
19,Race or Ethnicity,Multi-Racial,77,26,33.8%,51,66.2%
19,Race or Ethnicity,Native American,311,78,25.1%,233,74.9%
19,Race or Ethnicity,Unknown,58,22,37.9%,36,62.1%
19,Race or Ethnicity,White,376,131,34.8%,245,65.2%
20,All District,All District,49711,"14,258",28.7%,35453,71.3%
20,English Language Learner Status,ELL,11798,"3,572",30.3%,8226,69.7%
20,English Language Learner Status,Not ELL,37913,"10,686",28.2%,27227,71.8%
20,Gender,Female,23735,"6,666",28.1%,17069,71.9%
20,Gender,Male,25976,"7,592",29.2%,18384,70.8%
20,Grade Level,PK,1283,581,45.3%,702,54.7%
20,Grade Level,0K,3723,"1,389",37.3%,2334,62.7%
20,Grade Level,01,3795,"1,242",32.7%,2553,67.3%
20,Grade Level,02,3682,"1,275",34.6%,2407,65.4%
20,Grade Level,03,4089,"1,276",31.2%,2813,68.8%
20,Grade Level,04,3942,"1,302",33.0%,2640,67.0%
20,Grade Level,05,3856,"1,305",33.8%,2551,66.2%
20,Grade Level,06,4066,"1,061",26.1%,3005,73.9%
20,Grade Level,07,3978,899,22.6%,3079,77.4%
20,Grade Level,08,4119,925,22.5%,3194,77.5%
20,Grade Level,09,3745,"1,048",28.0%,2697,72.0%
20,Grade Level,10,3631,797,21.9%,2834,78.1%
20,Grade Level,11,2950,528,17.9%,2422,82.1%
20,Grade Level,12,2852,630,22.1%,2222,77.9%
20,Race or Ethnicity,Asian,22160,"2,540",11.5%,19620,88.5%
20,Race or Ethnicity,Black,1234,300,24.3%,934,75.7%
20,Race or Ethnicity,Hispanic,13765,"5,794",42.1%,7971,57.9%
20,Race or Ethnicity,Multi-Racial,333,125,37.5%,208,62.5%
20,Race or Ethnicity,Native American,192,63,32.8%,129,67.2%
20,Race or Ethnicity,Unknown,146,51,34.9%,95,65.1%
20,Race or Ethnicity,White,11881,"5,385",45.3%,6496,54.7%
21,All District,All District,34165,"9,522",27.9%,24643,72.1%
21,English Language Learner Status,ELL,6776,"2,435",35.9%,4341,64.1%
21,English Language Learner Status,Not ELL,27389,"7,087",25.9%,20302,74.1%
21,Gender,Female,16688,"4,486",26.9%,12202,73.1%
21,Gender,Male,17477,"5,036",28.8%,12441,71.2%
21,Grade Level,PK,883,387,43.8%,496,56.2%
21,Grade Level,0K,1926,865,44.9%,1061,55.1%
21,Grade Level,01,2086,808,38.7%,1278,61.3%
21,Grade Level,02,2043,769,37.6%,1274,62.4%
21,Grade Level,03,2068,779,37.7%,1289,62.3%
21,Grade Level,04,2094,715,34.1%,1379,65.9%
21,Grade Level,05,2077,734,35.3%,1343,64.7%
21,Grade Level,06,3299,"1,256",38.1%,2043,61.9%
21,Grade Level,07,3160,974,30.8%,2186,69.2%
21,Grade Level,08,3172,957,30.2%,2215,69.8%
21,Grade Level,09,3255,425,13.1%,2830,86.9%
21,Grade Level,10,3235,350,10.8%,2885,89.2%
21,Grade Level,11,2436,252,10.3%,2184,89.7%
21,Grade Level,12,2431,251,10.3%,2180,89.7%
21,Race or Ethnicity,Asian,9050,"1,581",17.5%,7469,82.5%
21,Race or Ethnicity,Black,4494,793,17.6%,3701,82.4%
21,Race or Ethnicity,Hispanic,8875,"2,852",32.1%,6023,67.9%
21,Race or Ethnicity,Multi-Racial,275,83,30.2%,192,69.8%
21,Race or Ethnicity,Native American,274,74,27.0%,200,73.0%
21,Race or Ethnicity,Unknown,324,85,26.2%,239,73.8%
21,Race or Ethnicity,White,10873,"4,054",37.3%,6819,62.7%
22,All District,All District,31715,"10,521",33.2%,21194,66.8%
22,English Language Learner Status,ELL,4134,"2,025",49.0%,2109,51.0%
22,English Language Learner Status,Not ELL,27581,"8,496",30.8%,19085,69.2%
22,Gender,Female,15640,"4,950",31.6%,10690,68.4%
22,Gender,Male,16075,"5,571",34.7%,10504,65.3%
22,Grade Level,PK,1014,443,43.7%,571,56.3%
22,Grade Level,0K,2267,"1,107",48.8%,1160,51.2%
22,Grade Level,01,2389,"1,125",47.1%,1264,52.9%
22,Grade Level,02,2395,"1,070",44.7%,1325,55.3%
22,Grade Level,03,2499,"1,114",44.6%,1385,55.4%
22,Grade Level,04,2456,"1,001",40.8%,1455,59.2%
22,Grade Level,05,2549,"1,011",39.7%,1538,60.3%
22,Grade Level,06,1961,741,37.8%,1220,62.2%
22,Grade Level,07,1980,642,32.4%,1338,67.6%
22,Grade Level,08,1983,479,24.2%,1504,75.8%
22,Grade Level,09,2627,610,23.2%,2017,76.8%
22,Grade Level,10,2707,477,17.6%,2230,82.4%
22,Grade Level,11,2493,356,14.3%,2137,85.7%
22,Grade Level,12,2395,345,14.4%,2050,85.6%
22,Race or Ethnicity,Asian,7166,"1,455",20.3%,5711,79.7%
22,Race or Ethnicity,Black,8590,"2,460",28.6%,6130,71.4%
22,Race or Ethnicity,Hispanic,4971,"1,725",34.7%,3246,65.3%
22,Race or Ethnicity,Multi-Racial,404,165,40.8%,239,59.2%
22,Race or Ethnicity,Native American,287,92,32.1%,195,67.9%
22,Race or Ethnicity,Unknown,172,30,17.4%,142,82.6%
22,Race or Ethnicity,White,10125,"4,594",45.4%,5531,54.6%
23,All District,All District,7820,"2,640",33.8%,5180,66.2%
23,English Language Learner Status,ELL,419,204,48.7%,215,51.3%
23,English Language Learner Status,Not ELL,7401,"2,436",32.9%,4965,67.1%
23,Gender,Female,3502,"1,179",33.7%,2323,66.3%
23,Gender,Male,4318,"1,461",33.8%,2857,66.2%
23,Grade Level,PK,583,246,42.2%,337,57.8%
23,Grade Level,0K,575,240,41.7%,335,58.3%
23,Grade Level,01,562,204,36.3%,358,63.7%
23,Grade Level,02,561,176,31.4%,385,68.6%
23,Grade Level,03,607,212,34.9%,395,65.1%
23,Grade Level,04,600,200,33.3%,400,66.7%
23,Grade Level,05,643,194,30.2%,449,69.8%
23,Grade Level,06,701,230,32.8%,471,67.2%
23,Grade Level,07,752,218,29.0%,534,71.0%
23,Grade Level,08,818,249,30.4%,569,69.6%
23,Grade Level,09,393,118,30.0%,275,70.0%
23,Grade Level,10,349,110,31.5%,239,68.5%
23,Grade Level,11,349,127,36.4%,222,63.6%
23,Grade Level,12,327,116,35.5%,211,64.5%
23,Race or Ethnicity,Asian,107,38,35.5%,69,64.5%
23,Race or Ethnicity,Black,5658,"1,850",32.7%,3808,67.3%
23,Race or Ethnicity,Hispanic,1771,631,35.6%,1140,64.4%
23,Race or Ethnicity,Multi-Racial,55,19,34.5%,36,65.5%
23,Race or Ethnicity,Native American,93,34,36.6%,59,63.4%
23,Race or Ethnicity,Unknown,8,5,62.5%,3,37.5%
23,Race or Ethnicity,White,128,63,49.2%,65,50.8%
24,All District,All District,53060,"23,491",44.3%,29569,55.7%
24,English Language Learner Status,ELL,12774,"6,949",54.4%,5825,45.6%
24,English Language Learner Status,Not ELL,40286,"16,542",41.1%,23744,58.9%
24,Gender,Female,25222,"10,791",42.8%,14431,57.2%
24,Gender,Male,27838,"12,700",45.6%,15138,54.4%
24,Grade Level,PK,1486,907,61.0%,579,39.0%
24,Grade Level,0K,4074,"2,240",55.0%,1834,45.0%
24,Grade Level,01,4060,"2,218",54.6%,1842,45.4%
24,Grade Level,02,4268,"2,255",52.8%,2013,47.2%
24,Grade Level,03,4326,"2,152",49.7%,2174,50.3%
24,Grade Level,04,4411,"2,171",49.2%,2240,50.8%
24,Grade Level,05,4354,"2,068",47.5%,2286,52.5%
24,Grade Level,06,4001,"1,639",41.0%,2362,59.0%
24,Grade Level,07,4279,"1,671",39.1%,2608,60.9%
24,Grade Level,08,4309,"1,663",38.6%,2646,61.4%
24,Grade Level,09,3577,"1,279",35.8%,2298,64.2%
24,Grade Level,10,3556,"1,201",33.8%,2355,66.2%
24,Grade Level,11,3047,916,30.1%,2131,69.9%
24,Grade Level,12,3312,"1,111",33.5%,2201,66.5%
24,Race or Ethnicity,Asian,10432,"2,769",26.5%,7663,73.5%
24,Race or Ethnicity,Black,1339,459,34.3%,880,65.7%
24,Race or Ethnicity,Hispanic,33751,"16,240",48.1%,17511,51.9%
24,Race or Ethnicity,Multi-Racial,229,100,43.7%,129,56.3%
24,Race or Ethnicity,Native American,312,119,38.1%,193,61.9%
24,Race or Ethnicity,Unknown,277,102,36.8%,175,63.2%
24,Race or Ethnicity,White,6720,"3,702",55.1%,3018,44.9%
25,All District,All District,35732,"9,892",27.7%,25840,72.3%
25,English Language Learner Status,ELL,7175,"1,971",27.5%,5204,72.5%
25,English Language Learner Status,Not ELL,28557,"7,921",27.7%,20636,72.3%
25,Gender,Female,17435,"4,726",27.1%,12709,72.9%
25,Gender,Male,18297,"5,166",28.2%,13131,71.8%
25,Grade Level,PK,1148,389,33.9%,759,66.1%
25,Grade Level,0K,2679,929,34.7%,1750,65.3%
25,Grade Level,01,2750,920,33.5%,1830,66.5%
25,Grade Level,02,2742,914,33.3%,1828,66.7%
25,Grade Level,03,2857,874,30.6%,1983,69.4%
25,Grade Level,04,2786,871,31.3%,1915,68.7%
25,Grade Level,05,2626,854,32.5%,1772,67.5%
25,Grade Level,06,2776,838,30.2%,1938,69.8%
25,Grade Level,07,2809,786,28.0%,2023,72.0%
25,Grade Level,08,2886,800,27.7%,2086,72.3%
25,Grade Level,09,2467,485,19.7%,1982,80.3%
25,Grade Level,10,2651,460,17.4%,2191,82.6%
25,Grade Level,11,2429,377,15.5%,2052,84.5%
25,Grade Level,12,2126,395,18.6%,1731,81.4%
25,Race or Ethnicity,Asian,17643,"2,902",16.4%,14741,83.6%
25,Race or Ethnicity,Black,2291,543,23.7%,1748,76.3%
25,Race or Ethnicity,Hispanic,11166,"4,329",38.8%,6837,61.2%
25,Race or Ethnicity,Multi-Racial,377,154,40.8%,223,59.2%
25,Race or Ethnicity,Native American,214,47,22.0%,167,78.0%
25,Race or Ethnicity,Unknown,230,27,11.7%,203,88.3%
25,Race or Ethnicity,White,3811,"1,890",49.6%,1921,50.4%
26,All District,All District,30621,"7,549",24.7%,23072,75.3%
26,English Language Learner Status,ELL,2929,667,22.8%,2262,77.2%
26,English Language Learner Status,Not ELL,27692,"6,882",24.9%,20810,75.1%
26,Gender,Female,14940,"3,602",24.1%,11338,75.9%
26,Gender,Male,15681,"3,947",25.2%,11734,74.8%
26,Grade Level,PK,692,257,37.1%,435,62.9%
26,Grade Level,0K,1668,677,40.6%,991,59.4%
26,Grade Level,01,1688,648,38.4%,1040,61.6%
26,Grade Level,02,1737,670,38.6%,1067,61.4%
26,Grade Level,03,1821,689,37.8%,1132,62.2%
26,Grade Level,04,1722,620,36.0%,1102,64.0%
26,Grade Level,05,1789,677,37.8%,1112,62.2%
26,Grade Level,06,1927,653,33.9%,1274,66.1%
26,Grade Level,07,1994,571,28.6%,1423,71.4%
26,Grade Level,08,2162,587,27.2%,1575,72.8%
26,Grade Level,09,3889,638,16.4%,3251,83.6%
26,Grade Level,10,3408,324,9.5%,3084,90.5%
26,Grade Level,11,3170,265,8.4%,2905,91.6%
26,Grade Level,12,2954,273,9.2%,2681,90.8%
26,Race or Ethnicity,Asian,16456,"2,975",18.1%,13481,81.9%
26,Race or Ethnicity,Black,3376,780,23.1%,2596,76.9%
26,Race or Ethnicity,Hispanic,5456,"1,595",29.2%,3861,70.8%
26,Race or Ethnicity,Multi-Racial,446,176,39.5%,270,60.5%
26,Race or Ethnicity,Native American,350,58,16.6%,292,83.4%
26,Race or Ethnicity,Unknown,143,40,28.0%,103,72.0%
26,Race or Ethnicity,White,4394,"1,925",43.8%,2469,56.2%
27,All District,All District,41875,"11,909",28.4%,29966,71.6%
27,English Language Learner Status,ELL,4530,"1,545",34.1%,2985,65.9%
27,English Language Learner Status,Not ELL,37345,"10,364",27.8%,26981,72.2%
27,Gender,Female,19970,"5,585",28.0%,14385,72.0%
27,Gender,Male,21905,"6,324",28.9%,15581,71.1%
27,Grade Level,PK,2758,"1,029",37.3%,1729,62.7%
27,Grade Level,0K,2809,"1,087",38.7%,1722,61.3%
27,Grade Level,01,2985,"1,054",35.3%,1931,64.7%
27,Grade Level,02,3017,972,32.2%,2045,67.8%
27,Grade Level,03,3046,"1,015",33.3%,2031,66.7%
27,Grade Level,04,3145,954,30.3%,2191,69.7%
27,Grade Level,05,3180,"1,003",31.5%,2177,68.5%
27,Grade Level,06,3407,"1,045",30.7%,2362,69.3%
27,Grade Level,07,3452,916,26.5%,2536,73.5%
27,Grade Level,08,3660,"1,035",28.3%,2625,71.7%
27,Grade Level,09,2854,595,20.8%,2259,79.2%
27,Grade Level,10,2787,455,16.3%,2332,83.7%
27,Grade Level,11,2373,393,16.6%,1980,83.4%
27,Grade Level,12,2402,356,14.8%,2046,85.2%
27,Race or Ethnicity,Asian,9426,"1,635",17.3%,7791,82.7%
27,Race or Ethnicity,Black,8793,"2,024",23.0%,6769,77.0%
27,Race or Ethnicity,Hispanic,17023,"5,318",31.2%,11705,68.8%
27,Race or Ethnicity,Multi-Racial,375,115,30.7%,260,69.3%
27,Race or Ethnicity,Native American,1924,320,16.6%,1604,83.4%
27,Race or Ethnicity,Unknown,163,32,19.6%,131,80.4%
27,Race or Ethnicity,White,4171,"2,465",59.1%,1706,40.9%
28,All District,All District,38453,"9,916",25.8%,28537,74.2%
28,English Language Learner Status,ELL,4419,"1,682",38.1%,2737,61.9%
28,English Language Learner Status,Not ELL,34034,"8,234",24.2%,25800,75.8%
28,Gender,Female,19117,"4,724",24.7%,14393,75.3%
28,Gender,Male,19336,"5,192",26.9%,14144,73.1%
28,Grade Level,PK,1081,449,41.5%,632,58.5%
28,Grade Level,0K,2526,"1,123",44.5%,1403,55.5%
28,Grade Level,01,2655,"1,044",39.3%,1611,60.7%
28,Grade Level,02,2533,"1,021",40.3%,1512,59.7%
28,Grade Level,03,2503,971,38.8%,1532,61.2%
28,Grade Level,04,2506,908,36.2%,1598,63.8%
28,Grade Level,05,2543,922,36.3%,1621,63.7%
28,Grade Level,06,2484,802,32.3%,1682,67.7%
28,Grade Level,07,2550,681,26.7%,1869,73.3%
28,Grade Level,08,2571,743,28.9%,1828,71.1%
28,Grade Level,09,3869,448,11.6%,3421,88.4%
28,Grade Level,10,3729,307,8.2%,3422,91.8%
28,Grade Level,11,3522,244,6.9%,3278,93.1%
28,Grade Level,12,3381,253,7.5%,3128,92.5%
28,Race or Ethnicity,Asian,12043,"2,146",17.8%,9897,82.2%
28,Race or Ethnicity,Black,7054,"1,642",23.3%,5412,76.7%
28,Race or Ethnicity,Hispanic,11099,"3,269",29.5%,7830,70.5%
28,Race or Ethnicity,Multi-Racial,733,290,39.6%,443,60.4%
28,Race or Ethnicity,Native American,1479,207,14.0%,1272,86.0%
28,Race or Ethnicity,Unknown,333,38,11.4%,295,88.6%
28,Race or Ethnicity,White,5712,"2,324",40.7%,3388,59.3%
29,All District,All District,23443,"6,533",27.9%,16910,72.1%
29,English Language Learner Status,ELL,2346,919,39.2%,1427,60.8%
29,English Language Learner Status,Not ELL,21097,"5,614",26.6%,15483,73.4%
29,Gender,Female,11223,"3,057",27.2%,8166,72.8%
29,Gender,Male,12220,"3,476",28.4%,8744,71.6%
29,Grade Level,PK,783,290,37.0%,493,63.0%
29,Grade Level,0K,1804,562,31.2%,1242,68.8%
29,Grade Level,01,1987,593,29.8%,1394,70.2%
29,Grade Level,02,2036,585,28.7%,1451,71.3%
29,Grade Level,03,2084,594,28.5%,1490,71.5%
29,Grade Level,04,2104,577,27.4%,1527,72.6%
29,Grade Level,05,2237,592,26.5%,1645,73.5%
29,Grade Level,06,2111,596,28.2%,1515,71.8%
29,Grade Level,07,2174,648,29.8%,1526,70.2%
29,Grade Level,08,2255,627,27.8%,1628,72.2%
29,Grade Level,09,1043,248,23.8%,795,76.2%
29,Grade Level,10,1031,226,21.9%,805,78.1%
29,Grade Level,11,892,177,19.8%,715,80.2%
29,Grade Level,12,902,218,24.2%,684,75.8%
29,Race or Ethnicity,Asian,4072,674,16.6%,3398,83.4%
29,Race or Ethnicity,Black,13345,"3,941",29.5%,9404,70.5%
29,Race or Ethnicity,Hispanic,4245,"1,484",35.0%,2761,65.0%
29,Race or Ethnicity,Multi-Racial,240,54,22.5%,186,77.5%
29,Race or Ethnicity,Native American,993,207,20.8%,786,79.2%
29,Race or Ethnicity,Unknown,81,17,21.0%,64,79.0%
29,Race or Ethnicity,White,467,156,33.4%,311,66.6%
30,All District,All District,36292,"14,695",40.5%,21597,59.5%
30,English Language Learner Status,ELL,6394,"3,253",50.9%,3141,49.1%
30,English Language Learner Status,Not ELL,29898,"11,442",38.3%,18456,61.7%
30,Gender,Female,18033,"7,110",39.4%,10923,60.6%
30,Gender,Male,18259,"7,585",41.5%,10674,58.5%
30,Grade Level,PK,1287,706,54.9%,581,45.1%
30,Grade Level,0K,2537,"1,340",52.8%,1197,47.2%
30,Grade Level,01,2671,"1,368",51.2%,1303,48.8%
30,Grade Level,02,2634,"1,321",50.2%,1313,49.8%
30,Grade Level,03,2619,"1,268",48.4%,1351,51.6%
30,Grade Level,04,2657,"1,272",47.9%,1385,52.1%
30,Grade Level,05,2823,"1,269",45.0%,1554,55.0%
30,Grade Level,06,3053,"1,298",42.5%,1755,57.5%
30,Grade Level,07,3056,"1,202",39.3%,1854,60.7%
30,Grade Level,08,3164,"1,190",37.6%,1974,62.4%
30,Grade Level,09,2837,883,31.1%,1954,68.9%
30,Grade Level,10,2548,655,25.7%,1893,74.3%
30,Grade Level,11,2186,450,20.6%,1736,79.4%
30,Grade Level,12,2220,473,21.3%,1747,78.7%
30,Race or Ethnicity,Asian,7712,"2,116",27.4%,5596,72.6%
30,Race or Ethnicity,Black,2289,641,28.0%,1648,72.0%
30,Race or Ethnicity,Hispanic,19132,"8,695",45.4%,10437,54.6%
30,Race or Ethnicity,Multi-Racial,571,268,46.9%,303,53.1%
30,Race or Ethnicity,Native American,252,70,27.8%,182,72.2%
30,Race or Ethnicity,Unknown,160,54,33.8%,106,66.3%
30,Race or Ethnicity,White,6176,"2,851",46.2%,3325,53.8%
31,All District,All District,59615,"24,574",41.2%,35041,58.8%
31,English Language Learner Status,ELL,4360,"1,943",44.6%,2417,55.4%
31,English Language Learner Status,Not ELL,55255,"22,631",41.0%,32624,59.0%
31,Gender,Female,29132,"11,806",40.5%,17326,59.5%
31,Gender,Male,30483,"12,768",41.9%,17715,58.1%
31,Grade Level,PK,2692,"1,553",57.7%,1139,42.3%
31,Grade Level,0K,4035,"2,311",57.3%,1724,42.7%
31,Grade Level,01,4223,"2,203",52.2%,2020,47.8%
31,Grade Level,02,4148,"2,253",54.3%,1895,45.7%
31,Grade Level,03,4411,"2,292",52.0%,2119,48.0%
31,Grade Level,04,4481,"2,312",51.6%,2169,48.4%
31,Grade Level,05,4493,"2,275",50.6%,2218,49.4%
31,Grade Level,06,4293,"1,938",45.1%,2355,54.9%
31,Grade Level,07,4336,"1,728",39.9%,2608,60.1%
31,Grade Level,08,4425,"1,821",41.2%,2604,58.8%
31,Grade Level,09,4784,"1,208",25.3%,3576,74.7%
31,Grade Level,10,4642,960,20.7%,3682,79.3%
31,Grade Level,11,4536,894,19.7%,3642,80.3%
31,Grade Level,12,4116,826,20.1%,3290,79.9%
31,Race or Ethnicity,Asian,7764,"1,413",18.2%,6351,81.8%
31,Race or Ethnicity,Black,7262,"2,855",39.3%,4407,60.7%
31,Race or Ethnicity,Hispanic,17592,"7,174",40.8%,10418,59.2%
31,Race or Ethnicity,Multi-Racial,990,448,45.3%,542,54.7%
31,Race or Ethnicity,Native American,285,101,35.4%,184,64.6%
31,Race or Ethnicity,Unknown,281,113,40.2%,168,59.8%
31,Race or Ethnicity,White,25441,"12,470",49.0%,12971,51.0%
32,All District,All District,9832,"3,812",38.8%,6020,61.2%
32,English Language Learner Status,ELL,2241,"1,192",53.2%,1049,46.8%
32,English Language Learner Status,Not ELL,7591,"2,620",34.5%,4971,65.5%
32,Gender,Female,4746,"1,818",38.3%,2928,61.7%
32,Gender,Male,5086,"1,994",39.2%,3092,60.8%
32,Grade Level,PK,375,172,45.9%,203,54.1%
32,Grade Level,0K,538,286,53.2%,252,46.8%
32,Grade Level,01,653,330,50.5%,323,49.5%
32,Grade Level,02,653,336,51.5%,317,48.5%
32,Grade Level,03,671,328,48.9%,343,51.1%
32,Grade Level,04,679,319,47.0%,360,53.0%
32,Grade Level,05,790,347,43.9%,443,56.1%
32,Grade Level,06,952,381,40.0%,571,60.0%
32,Grade Level,07,962,369,38.4%,593,61.6%
32,Grade Level,08,1022,409,40.0%,613,60.0%
32,Grade Level,09,668,173,25.9%,495,74.1%
32,Grade Level,10,679,123,18.1%,556,81.9%
32,Grade Level,11,624,107,17.1%,517,82.9%
32,Grade Level,12,566,132,23.3%,434,76.7%
32,Race or Ethnicity,Asian,218,51,23.4%,167,76.6%
32,Race or Ethnicity,Black,1601,467,29.2%,1134,70.8%
32,Race or Ethnicity,Hispanic,7659,"3,162",41.3%,4497,58.7%
32,Race or Ethnicity,Multi-Racial,18,5,27.8%,13,72.2%
32,Race or Ethnicity,Native American,44,12,27.3%,32,72.7%
32,Race or Ethnicity,Unknown,27,4,14.8%,23,85.2%
32,Race or Ethnicity,White,265,111,41.9%,154,58.1%
75,All District,All District,26322,"10,870",41.3%,15452,58.7%
75,English Language Learner Status,ELL,5748,"2,294",39.9%,3454,60.1%
75,English Language Learner Status,Not ELL,20574,"8,576",41.7%,11998,58.3%
75,Gender,Female,6911,"2,714",39.3%,4197,60.7%
75,Gender,Male,19411,"8,156",42.0%,11255,58.0%
75,Grade Level,PK,411,269,65.5%,142,34.5%
75,Grade Level,0K,1759,898,51.1%,861,48.9%
75,Grade Level,01,1934,947,49.0%,987,51.0%
75,Grade Level,02,1897,952,50.2%,945,49.8%
75,Grade Level,03,1883,818,43.4%,1065,56.6%
75,Grade Level,04,1802,811,45.0%,991,55.0%
75,Grade Level,05,1867,791,42.4%,1076,57.6%
75,Grade Level,06,1738,690,39.7%,1048,60.3%
75,Grade Level,07,1881,715,38.0%,1166,62.0%
75,Grade Level,08,1718,670,39.0%,1048,61.0%
75,Grade Level,09,1873,666,35.6%,1207,64.4%
75,Grade Level,10,1769,610,34.5%,1159,65.5%
75,Grade Level,11,1443,511,35.4%,932,64.6%
75,Grade Level,12,4347,"1,522",35.0%,2825,65.0%
75,Race or Ethnicity,Asian,2493,842,33.8%,1651,66.2%
75,Race or Ethnicity,Black,9191,"3,734",40.6%,5457,59.4%
75,Race or Ethnicity,Hispanic,10786,"4,255",39.4%,6531,60.6%
75,Race or Ethnicity,Multi-Racial,241,117,48.5%,124,51.5%
75,Race or Ethnicity,Native American,423,156,36.9%,267,63.1%
75,Race or Ethnicity,Unknown,13,4,30.8%,9,69.2%
75,Race or Ethnicity,White,3175,"1,762",55.5%,1413,44.5%
79,All District,All District,5311,"1,446",27.2%,3865,72.8%
79,English Language Learner Status,ELL,700,152,21.7%,548,78.3%
79,English Language Learner Status,Not ELL,4611,"1,294",28.1%,3317,71.9%
79,Gender,Female,2057,488,23.7%,1569,76.3%
79,Gender,Male,3254,958,29.4%,2296,70.6%
79,Grade Level,06,2,s,s,s,s
79,Grade Level,07,8,s,s,s,s
79,Grade Level,08,139,47,33.8%,92,66.2%
79,Grade Level,09,207,37,17.9%,170,82.1%
79,Grade Level,10,4024,743,18.5%,3281,81.5%
79,Grade Level,11,107,21,19.6%,86,80.4%
79,Grade Level,12,824,593,72.0%,231,28.0%
79,Race or Ethnicity,Asian,535,144,26.9%,391,73.1%
79,Race or Ethnicity,Black,1878,539,28.7%,1339,71.3%
79,Race or Ethnicity,Hispanic,2450,642,26.2%,1808,73.8%
79,Race or Ethnicity,Multi-Racial,25,5,20.0%,20,80.0%
79,Race or Ethnicity,Native American,64,21,32.8%,43,67.2%
79,Race or Ethnicity,White,359,95,26.5%,264,73.5%
